symbol,BTC-USD,AVAX-USD,ETH-USD,DOT-USD,MATIC-USD,AAVE-USD,CRV-USD,XRP-USD,MKR-USD,DOGE-USD,BNB-USD,ATOM-USD,SHIB-USD,BTC-USD,AVAX-USD,ETH-USD,DOT-USD,MATIC-USD,AAVE-USD,CRV-USD,XRP-USD,MKR-USD,DOGE-USD,BNB-USD,ATOM-USD,SHIB-USD,BTC-USD,AVAX-USD,ETH-USD,DOT-USD,MATIC-USD,AAVE-USD,CRV-USD,XRP-USD,MKR-USD,DOGE-USD,BNB-USD,ATOM-USD,SHIB-USD
sctr_col,sctr,sctr,sctr,sctr,sctr,sctr,sctr,sctr,sctr,sctr,sctr,sctr,sctr,close,close,close,close,close,close,close,close,close,close,close,close,close,rank,rank,rank,rank,rank,rank,rank,rank,rank,rank,rank,rank,rank
2022-12-23 00:00:00+00:00,36.75487504232037,25.723506803588204,39.7813309535209,27.19700032243086,39.44049672138898,31.51718951801153,23.86119114354216,38.002158013584626,28.5319029715739,39.37386474312071,35.99934948172046,34.747633960407406,32.79534899735385,16796.953125,11.7817268372,1220.1594238281,4.4720830917,0.7987340093,54.5344314575,0.5270169973000001,0.3542729914,553.7487182617,0.07712899890000001,246.1481781006,8.9110803604,8e-06,5.0,12.0,1.0,11.0,2.0,9.0,13.0,4.0,10.0,3.0,6.0,7.0,8.0
2022-12-24 00:00:00+00:00,37.032161082604034,25.429374057385637,41.957596428930884,27.526438794141935,39.999242942610394,29.460886952437267,23.89146706429289,38.37332471039018,33.13668035036454,40.75445527924377,39.29756203642297,35.907936642875114,32.8991094865858,16847.755859375,11.6804294586,1221.1485595703,4.4537649155,0.7959939837000001,54.4707984924,0.5239130259,0.35217899080000004,551.2184448242,0.0776479989,244.6355285645,8.9712114334,8e-06,6.0,12.0,1.0,11.0,3.0,10.0,13.0,5.0,8.0,2.0,4.0,7.0,9.0
2022-12-25 00:00:00+00:00,43.17806948082697,26.83281469467795,43.29472848805794,28.123294106134086,41.00488908716794,31.042423994526565,25.32010111411288,37.80627643142988,29.960432251991445,40.44134477659248,38.6421112384815,37.10857908795979,32.97172293557121,16841.986328125,11.6845932007,1218.9620361328,4.4930438995,0.7951329947,54.4523239136,0.5216720104,0.3463920057,540.2932739258,0.0759520009,243.141494751,9.0204153061,8e-06,2.0,12.0,1.0,11.0,3.0,9.0,13.0,6.0,10.0,4.0,5.0,7.0,8.0
2022-12-26 00:00:00+00:00,45.58665115384804,31.7171300927994,43.652458897442585,34.48169869211808,47.3133653933792,39.21487092926311,32.54520764553763,45.90346645734281,33.18296123396451,44.76581687689988,42.76835050505471,43.078932263627635,38.02567165192617,16919.8046875,11.7238559723,1226.9743652344,4.5720481873,0.8135169744,55.9375686646,0.5362949967,0.3657230139,548.9324951172,0.07578299940000001,244.1982879639,9.1810970306,8e-06,3.0,13.0,5.0,10.0,1.0,8.0,12.0,2.0,11.0,4.0,7.0,6.0,9.0
2022-12-27 00:00:00+00:00,44.09005006045566,30.999593424872955,45.81900342187857,32.46871043201474,45.25758451980812,42.752260315441625,30.234337085337817,46.08981689403421,31.173969757459354,40.473913682977745,43.73431622402997,42.36403470000676,38.069913138683035,16717.173828125,11.6463956833,1212.7916259766,4.4803128242,0.8060250282,57.3697357178,0.5287380219,0.3681260049,541.7460327148,0.0737240016,246.5966796875,9.2144479752,8e-06,4.0,12.0,2.0,10.0,3.0,6.0,13.0,1.0,11.0,8.0,5.0,7.0,9.0
2022-12-28 00:00:00+00:00,38.32731405966236,28.18675128367726,39.28969345101999,29.29945053028947,42.67118071186969,37.68576357127333,28.271501710542243,43.57646890026406,31.918879698526773,37.00832945114114,44.19250804449985,41.050271120784146,33.11072938877867,16552.572265625,11.202914238,1189.9860839844,4.2824587822,0.7828310132,53.7472572327,0.509649992,0.3565309942,518.1635131836,0.07038100060000001,244.1419219971,9.1210231781,8e-06,6.0,13.0,5.0,11.0,3.0,7.0,12.0,2.0,10.0,8.0,1.0,4.0,9.0
2022-12-29 00:00:00+00:00,39.81057211791596,28.33383368042946,40.95377595122752,31.37061054582379,44.33029845492631,35.7713290310448,31.138185743090393,41.54433202859508,30.42159608450602,42.04156652852171,44.52079392356607,44.21350044496357,38.15238816656031,16642.341796875,10.9926948547,1201.5953369141,4.3105278015,0.7774189711,54.5407142639,0.5112059712,0.3428460062,520.0272827148,0.0710420012,246.4797210693,9.3464307785,8e-06,7.0,13.0,6.0,10.0,2.0,9.0,11.0,5.0,12.0,4.0,1.0,3.0,8.0
2022-12-30 00:00:00+00:00,38.40083717428997,25.480388555580568,38.947204953470624,30.68861776889696,40.83480506897384,31.18636124021148,32.96774234956509,40.8988755951709,28.457102759806737,37.01876195891175,42.159497468484616,42.91748041019398,38.197655852463576,16602.5859375,10.8702487946,1199.2327880859,4.3234758377,0.7605329752000001,52.5164413452,0.5278570056,0.34501698610000003,522.248046875,0.06840399650000001,245.7792205811,9.3641748428,8e-06,6.0,13.0,5.0,11.0,4.0,10.0,9.0,3.0,12.0,8.0,2.0,1.0,7.0
2022-12-31 00:00:00+00:00,43.391228116053355,27.29670471371263,43.986489730112325,32.154952892028156,41.27131128183816,31.300643929031008,33.59681025529078,40.255817191604265,32.42543293806432,40.19728425567668,45.58912415692766,43.50908645859913,38.24819335312751,16547.49609375,10.902632713300001,1196.7712402344,4.3148231506,0.7585170269,51.979133606,0.52482301,0.3399290144,510.5272216797,0.0702940002,246.3491973877,9.3485994339,8e-06,4.0,13.0,2.0,11.0,5.0,12.0,9.0,6.0,10.0,7.0,1.0,3.0,8.0
2023-01-01 00:00:00+00:00,38.912972876696536,27.01514692463474,39.22992811333819,32.83243050759628,41.44666455797025,30.893513510935513,33.193297730213395,39.695837785582384,27.962660798797852,38.3814756645603,42.60029009676387,43.65095704268988,38.304860121714725,16625.080078125,10.8659152985,1200.96484375,4.3708162308,0.7599729896,52.0458335876,0.5266550183,0.33876299860000003,513.018737793,0.0702250004,244.1369781494,9.464468956,8e-06,6.0,13.0,5.0,10.0,3.0,11.0,9.0,4.0,12.0,7.0,2.0,1.0,8.0
2023-01-02 00:00:00+00:00,44.46667632921298,29.549777152926545,45.003855469649835,35.7728235925787,43.91046524831498,35.5909476660679,33.963522995160005,41.86187159657963,27.74521106272329,39.7836079211843,41.258622555514904,47.561201489433614,38.36794617155089,16688.470703125,11.1536149979,1214.6566162109,4.4893741608,0.7808520198000001,53.0831565857,0.5330920219,0.3485560119,511.6665649414,0.0714540035,245.5359039307,9.8024215698,8e-06,3.0,12.0,2.0,9.0,4.0,10.0,11.0,5.0,13.0,7.0,6.0,1.0,8.0
2023-01-03 00:00:00+00:00,44.350248877885974,31.942106145958544,45.3570575733717,36.75737435947345,43.98916446322635,37.64433498271099,33.77236574901922,40.99670861714202,31.011460202704068,38.29922547606729,42.86424182031038,51.082593018740376,38.43734784328701,16679.857421875,11.3844499588,1214.7788085938,4.5243639946,0.7800769806000001,53.0400428772,0.5298590064,0.3438239992,505.0352478027,0.0704680011,246.1333618164,10.1610212326,8e-06,3.0,12.0,2.0,10.0,4.0,9.0,11.0,6.0,13.0,8.0,5.0,1.0,7.0
2023-01-04 00:00:00+00:00,45.573908641415954,37.07722520304402,48.770254705097116,38.28682535204513,47.1219256036375,43.517338561059745,37.84802499788962,42.816211033197206,30.349692980974076,42.5505969960046,51.7288325230427,51.31414687902777,38.51269979536755,16863.23828125,12.0776128769,1256.5266113281,4.6301908493,0.8063719869,56.7874946594,0.5546380281000001,0.3477939963,518.8180541992,0.0732370019,259.1196899414,10.1983633041,8e-06,5.0,12.0,3.0,10.0,4.0,6.0,11.0,7.0,13.0,8.0,1.0,2.0,9.0
2023-01-05 00:00:00+00:00,45.264304486106475,34.88488009955697,48.022968656388855,37.15068547027381,43.90369541219479,41.407311140827346,34.754165406189685,38.001619023681585,36.178231247163126,40.54133159420552,50.866760342317846,48.699468084579294,38.5934730641523,16836.736328125,11.740196228,1250.4385986328,4.617661953,0.7885270119000001,55.3876266479,0.5428090096,0.33803901080000004,527.2825927734,0.07154999670000001,256.4228515625,10.0765123367,8e-06,4.0,12.0,3.0,10.0,5.0,6.0,13.0,9.0,11.0,7.0,1.0,2.0,8.0
2023-01-06 00:00:00+00:00,46.586454101139786,34.610688732179725,50.06910453770764,39.28293100516251,45.48067706446871,42.033359163391,35.79122288024214,39.53029371396805,38.84555480176654,42.79412664459702,51.76212677945958,49.5849531874387,38.679046950769106,16951.96875,11.781206131,1269.3790283203,4.686106205,0.7992159724,56.4559326172,0.5454440117,0.3446449935,539.4475708008,0.0724700019,259.8671569824,10.2505130768,8e-06,4.0,13.0,2.0,9.0,5.0,7.0,12.0,8.0,10.0,6.0,1.0,3.0,11.0
2023-01-07 00:00:00+00:00,47.116580282448744,35.32671461188892,50.58646897015428,40.99862478610968,47.666703333664394,41.022145110216414,38.30595953909754,40.89724589734341,43.158350313321336,44.562846852677005,50.52598232827294,49.75803549038031,38.768760830071926,16955.078125,11.7434244156,1264.2703857422,4.6659550667000005,0.8067349792,56.0474433899,0.5499870181000001,0.34426799420000004,552.6398925781,0.0722220019,261.2828369141,10.1947832108,8e-06,5.0,13.0,1.0,9.0,4.0,8.0,12.0,10.0,7.0,6.0,2.0,3.0,11.0
2023-01-08 00:00:00+00:00,47.773963376709816,39.05433415361251,51.94958740350306,43.33648400626295,51.98821023084544,46.66756829739394,41.84692994364713,42.98122736953422,49.439227631786665,45.879110756109654,57.281828770237404,51.93752448407669,50.54550644452687,17091.14453125,12.0725851059,1287.3594970703,4.8010048866,0.8403710127,59.3051223755,0.5728179812,0.3453580141,592.6702270508,0.073601,274.3850708008,10.538479805,9e-06,7.0,13.0,3.0,10.0,2.0,8.0,12.0,11.0,6.0,9.0,1.0,4.0,5.0
2023-01-09 00:00:00+00:00,48.58496787663709,40.995998810557985,54.6665071008408,45.08933065547787,53.41684005833331,53.99081058957039,50.94296649391121,43.810700504974896,53.09180430732895,50.471384340002984,56.75992114352171,57.49249697459274,50.319382939551986,17196.5546875,12.2096366882,1321.5389404297,4.8948740959,0.8442339897000001,61.2654457092,0.6441550255,0.3493399918,617.2991943359,0.0757839978,272.7015380859,11.1266326904,9e-06,10.0,13.0,3.0,11.0,5.0,4.0,7.0,12.0,6.0,8.0,2.0,1.0,9.0
2023-01-10 00:00:00+00:00,50.29094666073968,44.810212760002415,55.90072093739251,45.75355339971153,55.0815744438531,55.47799464002726,51.879220774344134,45.032078470547866,56.581832534671626,51.48856472528645,58.33647491590981,60.06823796996213,49.95983102431046,17446.29296875,12.7312412262,1336.5860595703,4.918806076,0.8584640026,61.8430175781,0.6501799822000001,0.3512409925,631.6663208008,0.0777290016,277.289642334,11.3287801743,9e-06,9.0,13.0,4.0,11.0,6.0,5.0,7.0,12.0,3.0,8.0,2.0,1.0,10.0
2023-01-11 00:00:00+00:00,52.90001350367437,67.0678126925185,59.508851976861564,48.92866932325467,58.95763543274089,58.543266311662116,54.03021631307517,51.318276689930315,57.09552055428037,51.903038629091895,61.62854435019143,63.53401886906134,49.78721533087738,17934.896484375,15.9139242172,1387.9327392578,5.1299791336,0.8934280276000001,64.1788482666,0.6692649722,0.374157995,636.578125,0.0781529993,285.0465087891,11.8347377777,9e-06,9.0,1.0,4.0,13.0,5.0,6.0,8.0,11.0,7.0,10.0,3.0,2.0,12.0
2023-01-12 00:00:00+00:00,57.75473006245198,64.70449912162222,61.04863807890887,49.440106292976836,60.00759090740244,63.39976652931592,55.8727370222391,50.052879349991166,59.73077713047641,53.56921599443921,62.29423153116295,65.06162852858373,49.74399662609286,18869.587890625,15.4573497772,1417.9384765625,5.2294778824,0.9162889719,67.8611373901,0.6891160011,0.3751969934,652.5756835938,0.0802860036,287.8123474121,12.2746915817,9e-06,8.0,2.0,5.0,13.0,6.0,3.0,9.0,11.0,7.0,10.0,4.0,1.0,12.0
2023-01-13 00:00:00+00:00,63.119384936941486,65.16124368711422,63.39315801624468,52.12717898761654,61.507906725563124,68.7785123353449,72.41351256193258,53.255520469163685,66.006472609466,59.31943637482144,64.25866308342344,64.1164800786034,60.3140395028793,19909.57421875,15.962223053,1451.6148681641,5.4017457962,0.9311019778,71.2414627075,0.8034960032,0.3858039975,688.4780883789,0.0844380036,293.733001709,12.3994836807,1e-05,8.0,4.0,7.0,13.0,9.0,2.0,1.0,12.0,3.0,11.0,5.0,6.0,10.0
2023-01-14 00:00:00+00:00,67.81562296131345,64.23505236674052,68.37216980298311,61.53500890113858,67.11278020408231,71.34469345796181,70.49495606599329,54.938703763696154,67.4627183506355,60.52484460006012,65.50706110604986,67.36645558216665,60.09184322377695,20976.298828125,16.9580574036,1550.7069091797,6.0246491432,0.9996709824000001,75.8466186523,0.8150680065,0.3954429924,709.341796875,0.0873230025,305.2411193848,12.8946962357,1e-05,4.0,9.0,3.0,10.0,7.0,1.0,2.0,13.0,5.0,11.0,8.0,6.0,12.0
2023-01-15 00:00:00+00:00,67.20726835943368,66.17390589742423,68.61412663510887,60.113795606985406,66.11890520618407,77.34743789370683,74.19621636850563,53.32038473365003,64.92422853382655,59.94478819101417,64.73791806695374,66.93296133531211,69.91216085909065,20880.798828125,16.7971172333,1552.4794921875,5.9280982018,0.9835180044,79.0471191406,0.8326830268000001,0.3848809898,700.1795043945,0.086130999,302.0706481934,12.7934808731,1.1e-05,5.0,7.0,4.0,11.0,8.0,1.0,2.0,13.0,9.0,12.0,10.0,6.0,3.0
2023-01-16 00:00:00+00:00,68.14852070829434,64.51638426356853,69.29128108754533,56.38145889835947,69.01508851071704,77.84858877208936,79.04980398099782,52.69688593737863,61.6305561720472,55.924474887829135,62.77352872929175,61.26257491786055,69.47546826184372,21169.6328125,16.7407875061,1576.8334960938,5.8107728958,1.0194920301,80.3924560547,0.8716949821000001,0.3865759969,688.28125,0.0836360008,298.9992370605,12.3311891556,1.1e-05,6.0,7.0,4.0,11.0,5.0,2.0,1.0,13.0,9.0,12.0,8.0,10.0,3.0
2023-01-17 00:00:00+00:00,67.95945930002395,66.5861304593885,68.65502139405373,58.194984675166744,65.46517374223146,85.3490253285421,83.90066218527448,53.109827120569896,56.42289293861862,55.35603927378989,57.707113033319864,59.075035448433596,69.05885832755436,21161.51953125,17.1265926361,1567.8460693359,5.9562058449,0.9960119724000001,85.4711151123,0.9133719802,0.3877109885,696.4216308594,0.0829820037,299.8245239258,12.1759996414,1.1e-05,5.0,6.0,4.0,9.0,7.0,1.0,2.0,13.0,11.0,12.0,10.0,8.0,3.0
2023-01-18 00:00:00+00:00,64.62230913321712,56.15793919194156,63.50162769010854,51.379624879712594,56.81482751665369,76.48072691319842,78.17108568389679,50.80430543614295,44.16866210427044,51.13233339837949,50.45354915387251,52.13641215631919,62.0231700746946,20688.78125,15.8043308258,1515.5069580078,5.648100853,0.940120995,82.2407608032,0.8964290023,0.3794519901,639.9946899414,0.08019100130000001,286.9910583496,11.5683917999,1.1e-05,3.0,7.0,4.0,9.0,6.0,2.0,1.0,11.0,13.0,10.0,12.0,8.0,5.0
2023-01-19 00:00:00+00:00,61.2059015568299,57.618609329520595,59.555573615353325,53.06174555321278,58.11869543808715,70.05516731886426,70.68981128301748,54.0982230790356,45.86679867335187,51.822270449156036,53.447260274733836,53.57638293600694,71.3571628464965,21086.79296875,16.1963539124,1552.5565185547,5.8055648804,0.9528899789,81.3141021729,0.9010599852000001,0.39378499980000004,665.7739868164,0.08166000250000001,294.8522033691,12.0275964737,1.2e-05,4.0,7.0,5.0,11.0,6.0,3.0,2.0,8.0,13.0,12.0,10.0,9.0,1.0
2023-01-20 00:00:00+00:00,68.13795880828606,63.22817542836814,65.97176345275615,60.64445218024911,65.48275705335749,75.86739723990901,86.00640839016074,58.8755819593853,51.61909200457276,56.517183249594254,56.03103008534342,62.98754297193215,71.1453757019539,22676.552734375,17.5212745667,1659.7541503906,6.2552428246,1.0262500048,87.7455444336,1.0322660208,0.41334399580000003,716.1292114258,0.0864029974,304.9731750488,13.1680393219,1.2e-05,4.0,7.0,5.0,9.0,6.0,2.0,1.0,10.0,13.0,11.0,12.0,8.0,3.0
2023-01-21 00:00:00+00:00,71.83809230569086,50.520945740059766,66.3874796500703,59.1205988081426,59.57503728390679,73.81776591321739,78.85948498384779,53.007630870778485,53.840943352551164,54.29787102015123,57.5763760450659,62.222241944478576,70.88997324161194,22777.625,16.8964691162,1627.1181640625,6.2494091988000005,0.9899770021000001,84.5762252808,0.9960790277,0.4035330117,699.5333862305,0.0847650021,299.2611694336,13.1004524231,1.2e-05,3.0,13.0,5.0,8.0,7.0,2.0,1.0,12.0,11.0,10.0,9.0,6.0,4.0
2023-01-22 00:00:00+00:00,68.51088393715992,53.31472483914422,65.19372785022907,57.014634030657064,58.65499207875088,71.27101497930582,85.74281862173193,52.11086670057241,53.949468505106154,57.077101991103895,58.32521528893567,61.12616778670343,70.81704926339974,22720.416015625,17.3622722626,1628.3820800781,6.2052659988,0.9940919876000001,85.4381408691,1.073397994,0.4009670019,709.6555786133,0.0883039981,303.0464477539,13.3114910126,1.2e-05,4.0,12.0,5.0,10.0,7.0,2.0,1.0,13.0,11.0,9.0,8.0,6.0,3.0
2023-01-23 00:00:00+00:00,66.48118567859572,54.23910108749869,58.83337450635413,60.589442071769035,57.97251071635124,65.0288903708801,74.59911362944929,56.57607734842111,45.779965797622054,54.923236661742806,53.10963464860477,57.51887450411168,64.85302966827712,22934.431640625,18.0065860748,1628.2510986328,6.5770201683,0.9951890111,86.5972976685,1.0663269758,0.4249430001,705.3880615234,0.0886050016,305.5040893555,13.0956945419,1.2e-05,2.0,11.0,6.0,5.0,7.0,3.0,1.0,9.0,13.0,10.0,12.0,8.0,4.0
2023-01-24 00:00:00+00:00,62.125338894072144,47.45396517958737,53.938606384903416,49.1685048492234,50.734453100443524,56.917337789539836,65.2690025175661,51.07000015711346,44.084592426159816,47.94354036868925,54.579685139070115,50.33953795768992,54.90859035172128,22636.46875,17.0193138123,1556.6042480469,6.1867637634,0.9559280276000001,79.9421157837,0.9936190248000001,0.4077070057,665.3157958984,0.08394999800000001,300.6123352051,12.4521512985,1.1e-05,2.0,12.0,6.0,10.0,8.0,3.0,1.0,7.0,13.0,11.0,5.0,9.0,4.0
2023-01-25 00:00:00+00:00,59.352781130602345,50.31690358819983,53.960403728564636,52.86881399850455,55.35205788820436,57.9664112170122,68.31379900227131,54.69945201042583,40.12078257708619,51.618427687941555,52.180555780196066,58.20685684034791,59.43621696404788,23117.859375,17.8038902283,1611.7110595703,6.4060659409,0.9936230183,85.7902832031,1.0325189829,0.4176929891,668.8453369141,0.0865940005,307.3076477051,13.5701322556,1.2e-05,3.0,12.0,8.0,9.0,6.0,5.0,1.0,7.0,13.0,11.0,10.0,4.0,2.0
2023-01-26 00:00:00+00:00,63.06479174926906,52.36229803169631,52.551439219626154,54.84394887236431,66.36531770771734,61.926055639123526,67.87422312658605,52.6351842016922,39.487272585517154,52.85019982219936,56.36698508666562,57.99522371261979,59.6516968041043,23032.77734375,18.1080341339,1603.1059570312,6.474820137,1.1223059893,88.9828033447,1.0493839979,0.4101029932,658.4266967773,0.0863730013,304.8665466309,13.1136379242,1.2e-05,3.0,12.0,11.0,8.0,2.0,4.0,1.0,10.0,13.0,9.0,7.0,6.0,5.0
2023-01-27 00:00:00+00:00,63.12966853359758,68.88125831271748,57.37626355323483,55.61077548341909,70.75843541286017,60.31920775844596,73.85428783863514,53.217995943550015,40.66450573932518,54.132274697349914,57.600076072487184,61.78988937478273,59.622765647885515,23078.728515625,21.2541027069,1598.1564941406,6.5676250458,1.1582740545,87.1398162842,1.1314519644,0.41279101370000004,670.9152832031,0.0871229991,308.1231079102,13.5135278702,1.2e-05,4.0,3.0,9.0,10.0,2.0,6.0,1.0,12.0,13.0,11.0,8.0,5.0,7.0
2023-01-28 00:00:00+00:00,58.846267628086174,70.99623416214656,52.132442248435495,55.415065686744796,71.69943745354077,57.51784864094362,68.34007907945315,53.17702434455074,47.369944476943516,56.58059702163028,57.423789523908354,60.925735013434476,59.6181996439376,23031.08984375,20.6049594879,1572.4350585938,6.3983187675,1.1442320347,84.2182312012,1.0718040466,0.4081340134,655.5947875977,0.08778800070000001,306.2443237305,13.2063922882,1.2e-05,6.0,2.0,12.0,10.0,1.0,7.0,3.0,11.0,13.0,9.0,8.0,4.0,5.0
2023-01-29 00:00:00+00:00,61.296933692113726,71.53269211626636,55.561623696802414,57.12088004413626,73.60236292891493,57.985765768433495,69.70146716430818,52.870015835684086,43.27138515388637,58.49913347948997,60.48537008318868,63.80901773480903,55.53144020808341,23774.56640625,21.0797786713,1646.1556396484,6.6157588959,1.1778800488,87.7972564697,1.0903199910999999,0.4137639999,675.1841430664,0.0902329981,317.3362121582,13.8195152283,1.2e-05,5.0,2.0,10.0,9.0,1.0,8.0,3.0,12.0,13.0,7.0,6.0,4.0,11.0
2023-01-30 00:00:00+00:00,57.7681792595633,56.45555458327014,52.371570282758526,47.144220052876065,60.29890302145131,50.100525039586294,53.10808089912106,46.116314647328544,39.7946784391553,53.482334782495215,56.008551957446755,53.68449350620043,55.53426191216916,22840.138671875,19.7391700745,1567.3265380859,6.1881518364,1.0872349739,81.0439758301,0.9928129911,0.3945910037,634.8710327148,0.0883369967,307.0688781738,13.0569477081,1.2e-05,2.0,3.0,9.0,11.0,1.0,10.0,8.0,12.0,13.0,7.0,4.0,6.0,5.0
2023-01-31 00:00:00+00:00,53.7567941318835,57.993999764879526,49.337236074075676,48.16291382246736,64.25958334647233,50.19223303234804,57.38846337663362,50.11002173463728,38.48851976271688,63.05498411941524,57.09621975477235,55.70498586686842,55.5296790318845,23139.283203125,19.844499588,1586.5354003906,6.2643690109,1.1113330126,83.0189056396,1.0184990168,0.406388998,655.203918457,0.0961669981,312.3610534668,13.379324913,1.2e-05,8.0,3.0,11.0,12.0,1.0,9.0,4.0,10.0,13.0,2.0,5.0,6.0,7.0
2023-02-01 00:00:00+00:00,56.2819204610237,61.91225868906156,52.59723748276456,51.52532723659514,72.16787936336605,55.623957040762086,62.99385999799711,52.31722322485845,39.695198210020116,58.506918188796064,54.53663019554458,65.43383524803131,55.514377369042236,23723.76953125,20.9653644562,1641.7927246094,6.4660949707,1.1949670315,88.2696228027,1.1112209558,0.4138920009,668.7462768555,0.0941710025,317.4725952148,14.868429184,1.2e-05,6.0,4.0,10.0,12.0,1.0,7.0,3.0,11.0,13.0,5.0,9.0,2.0,8.0
2023-02-02 00:00:00+00:00,59.492472754164,64.03540595997592,57.57691019842729,50.696105623745495,70.64745986961901,59.73918644710267,58.37915473544486,48.72489153299425,45.21466880461925,54.487611444792535,60.949499126578914,64.8736629156346,55.48692953576468,23471.87109375,21.180059433,1643.2415771484,6.5355329514000005,1.1804440022,88.1965332031,1.0594539642,0.4097470045,670.57421875,0.09097900240000001,323.3497924805,14.3632411957,1.2e-05,6.0,3.0,8.0,11.0,1.0,5.0,7.0,12.0,13.0,10.0,4.0,2.0,9.0
2023-02-03 00:00:00+00:00,59.85570972309362,67.99043596452636,60.89297224849333,60.38717986181822,78.67417245382794,66.31236431488381,66.62823628659092,51.09264960896505,51.264597833627136,59.27449066256363,64.47040843131691,70.671670865931,68.036722264356,23449.322265625,21.3651866913,1664.7456054688,7.0116839409,1.2442270517,90.6985855103,1.114716053,0.41220501070000004,696.205871582,0.0929870009,332.2686767578,14.9964065552,1.3e-05,10.0,4.0,8.0,9.0,1.0,6.0,5.0,13.0,12.0,11.0,7.0,2.0,3.0
2023-02-04 00:00:00+00:00,53.19665124810472,62.42168664319609,59.269787578232545,56.75962980191741,76.65607691244108,60.36868779692786,63.86762031829908,49.76833589751454,51.69612465296721,60.83773270459612,62.6808961559818,62.456853133794,79.00816696001144,23331.84765625,21.0246353149,1667.0592041016,6.8831062317,1.2506279945,88.7489242554,1.109128952,0.4113050103,701.3508911133,0.0957819968,330.6170959473,14.6792612076,1.4999999999999999e-05,11.0,6.0,9.0,10.0,2.0,8.0,3.0,13.0,12.0,7.0,4.0,5.0,1.0
2023-02-05 00:00:00+00:00,51.46238608754726,56.13549742397403,57.11756824618144,52.18072237248358,65.4931366141633,53.7302435102709,57.262961659087296,47.590808312335916,51.548253975265325,56.68846512692792,61.994771278985546,64.66104940325869,69.56540647484579,22955.666015625,20.1080169678,1631.6458740234,6.6447238922,1.2045010328,85.6467056274,1.0508099794,0.3989369869,695.0135498047,0.09209500250000001,327.869354248,14.7545557022,1.4e-05,12.0,8.0,6.0,10.0,2.0,9.0,5.0,13.0,11.0,7.0,4.0,3.0,1.0
2023-02-06 00:00:00+00:00,50.36028758093613,45.07042260729965,51.183132074571034,48.41347955716737,62.41470072970121,49.08850717625966,53.28099964783853,45.90828701395172,46.62288387930287,53.414714242228264,55.261449443426535,57.83645485354782,68.82647725199465,22760.109375,19.5850353241,1616.2470703125,6.4947991371,1.1904150248,84.1394348145,1.0454059839,0.3928239942,693.700012207,0.0895489976,324.627166748,14.1429224014,1.4e-05,8.0,13.0,7.0,10.0,2.0,9.0,6.0,12.0,11.0,5.0,4.0,3.0,1.0
2023-02-07 00:00:00+00:00,52.61086359806278,52.23467058429638,55.32814747579683,56.12007333658341,69.9217277968771,55.88898112623059,59.902809862971104,49.203136716593775,59.36585507119542,56.536360632189954,58.20580885671717,64.4497568581453,68.51543992876101,23264.291015625,20.8452186584,1672.0035400391,6.9420280457,1.2689750195,88.8346405029,1.0916149616,0.403903991,789.498840332,0.0925759971,333.2278747559,14.957318306,1.4e-05,11.0,12.0,10.0,8.0,1.0,9.0,4.0,13.0,5.0,7.0,6.0,3.0,2.0
2023-02-08 00:00:00+00:00,54.58438649053409,50.39473301759649,56.727741267625134,52.50968782528949,71.45509118743048,56.63373131072339,63.41728098924612,47.275387347715,61.5495952257768,52.67857183473203,59.64454813552092,64.33847793025888,68.30892832543984,22939.3984375,20.0814743042,1650.716796875,6.749273777,1.3039699793000001,86.9266815186,1.1391479969,0.39805200700000004,781.3359375,0.09015599640000001,328.0886535645,15.1461009979,1.4e-05,9.0,12.0,7.0,11.0,1.0,8.0,4.0,13.0,5.0,10.0,6.0,3.0,2.0
2023-02-09 00:00:00+00:00,51.16208261695129,42.51115581845247,52.29477985317513,47.8665547701972,68.2267762458998,49.491863340364326,51.54039787490861,45.61187914425177,54.83943994341896,44.238879904516416,53.80430113893675,55.91881846233356,51.79095491484587,21819.0390625,17.8744525909,1546.4382324219,6.2313070297,1.2283420563,77.7461776733,0.9715890288000001,0.3824659884,709.911315918,0.0814799964,305.9604187012,13.5021495819,1.2e-05,8.0,13.0,5.0,10.0,1.0,9.0,7.0,11.0,3.0,12.0,4.0,2.0,6.0
2023-02-10 00:00:00+00:00,44.83097512589191,37.97758121555876,44.78171459274865,45.7172347748747,66.96520240471581,44.67716990741633,49.14558153789234,44.486167898362865,48.67194221429644,40.79525506654293,48.01471544020751,53.35772301795113,60.15454631447546,21651.18359375,17.7985305786,1514.869140625,6.1896901131,1.2305949926,78.7896881104,0.960071981,0.3826450109,712.9164428711,0.0810900033,305.9541320801,13.7091341019,1.3e-05,8.0,13.0,9.0,7.0,1.0,10.0,4.0,11.0,5.0,12.0,6.0,3.0,2.0
2023-02-11 00:00:00+00:00,44.758128538576315,38.19079161622065,44.886019295162335,46.12413906031183,65.21792906215894,42.82241551630872,45.79948321142878,44.20994277853,49.078383688154176,43.414688258201494,48.77595415082486,49.378792591517126,60.4815509375327,21870.875,18.0290851593,1539.9267578125,6.278796196,1.251412034,79.4047775269,0.9590129852,0.3840079904,723.549621582,0.0823720023,310.616027832,13.7586069107,1.3e-05,9.0,13.0,8.0,6.0,1.0,12.0,7.0,10.0,4.0,11.0,5.0,3.0,2.0
2023-02-12 00:00:00+00:00,49.80529764596898,39.87760482577434,43.311496104084576,45.112963516650794,64.65372491524084,45.59811550713935,45.24432598986154,42.64885746162776,48.73776166056346,44.79317819454808,53.671123294244396,51.52223592212645,60.49789509084875,21788.203125,17.7686977386,1515.0336914062,6.1765141487,1.2385159731,77.4081878662,0.9282100201000001,0.37528198960000003,684.7098388672,0.0821439996,312.9296569824,13.5373725891,1.3e-05,5.0,13.0,11.0,9.0,1.0,7.0,8.0,12.0,6.0,10.0,3.0,4.0,2.0
2023-02-13 00:00:00+00:00,49.91226683184133,38.74967953071617,45.96706453594342,41.478051420049745,57.61128714453346,47.33236284135373,54.66922540874774,41.621237292144784,53.07351584644506,44.02169848189297,46.694836206794534,46.55266707826736,48.99658768620671,21808.1015625,17.6209716797,1507.1658935547,6.1212749481,1.186844945,82.3944702148,1.0521190166,0.3716750145,770.1089477539,0.0821560025,294.4753417969,13.1408624649,1.2e-05,4.0,13.0,9.0,12.0,1.0,6.0,2.0,11.0,3.0,10.0,7.0,8.0,5.0
2023-02-14 00:00:00+00:00,46.97698646252476,41.390706184681925,45.314851356469376,43.63010902664831,63.410143373309054,51.67574714697665,57.135125460293864,44.448290483339605,53.82895749911082,44.37195854988106,42.42657123227694,48.840038068135236,50.817642721264484,22220.8046875,18.1470317841,1556.8751220703,6.2275738716,1.2587729692,83.0646896362,1.0785440207,0.3824070096,740.7565917969,0.08353400230000001,296.1203613281,13.4107236862,1.3e-05,7.0,13.0,8.0,11.0,1.0,4.0,2.0,9.0,3.0,10.0,12.0,6.0,5.0
2023-02-15 00:00:00+00:00,61.77928815054289,52.41833044218102,58.31414951772419,50.80400007772211,71.1542023375874,60.23936871296117,65.44271746681281,50.380129037488615,56.71405148528217,52.11548618075682,49.36824611089936,55.203030306962575,60.89382780563013,24307.841796875,19.9236469269,1673.7459716797,6.6095228195,1.330031991,89.3331375122,1.1484040022,0.4013519883,760.2007446289,0.0892909989,317.1692199707,14.2730474472,1.4e-05,3.0,9.0,6.0,11.0,1.0,5.0,2.0,12.0,7.0,10.0,13.0,8.0,4.0
2023-02-16 00:00:00+00:00,58.95139251591889,47.42393608653111,56.56731927207225,48.14218498274689,74.93199008668148,54.857004778678046,60.07677591040524,46.94117297650397,44.7607189172332,48.40499768401346,50.86862155184955,52.42299364032793,53.03835205660902,23623.474609375,18.6148319244,1640.0676269531,6.3338751793,1.3717230558,84.0348205566,1.0969179869,0.3851569891,706.2236328125,0.0850439966,304.7637023926,13.4218606949,1.3e-05,3.0,11.0,4.0,10.0,1.0,5.0,2.0,12.0,13.0,9.0,8.0,7.0,6.0
2023-02-17 00:00:00+00:00,61.838042568909316,48.04552891236661,58.22102302548372,57.62009905825386,83.53495799942371,54.393905335839726,68.09689916535645,47.98535023767512,41.60489405184403,49.68494219271212,52.404262850530976,53.776513406816655,52.746896875850986,24565.6015625,19.477388382,1694.7833251953,7.2783632278,1.5255880356,86.5112991333,1.215783,0.3953019977,726.0375976562,0.0877659991,313.3779907227,14.1952495575,1.3e-05,3.0,11.0,4.0,5.0,1.0,6.0,2.0,12.0,13.0,10.0,9.0,7.0,8.0
2023-02-18 00:00:00+00:00,62.69109906510604,48.71986315539112,58.52135553673054,58.67209210293646,77.96520907326321,56.143192697801126,68.80033736260377,48.36757723990538,42.38557549434588,51.91758480035386,49.039780596881215,53.6489763718705,52.67423224711376,24641.27734375,19.5786972046,1691.8194580078,7.2426857948,1.4868400097,91.0904541016,1.2547669411,0.3946300149,728.9971313477,0.0889270008,316.6827087402,14.3015203476,1.3e-05,3.0,11.0,5.0,4.0,1.0,6.0,2.0,12.0,13.0,9.0,10.0,7.0,8.0
2023-02-19 00:00:00+00:00,63.5922938630544,56.692379775282845,60.87085135216595,65.22532300827444,79.44676761628897,65.55985205001792,71.61567532515984,48.034002766506674,52.664836782459126,54.168799394352185,55.60020299712194,58.505133113008405,59.54562209546873,24327.642578125,19.8020763397,1681.4361572266,7.4437041283,1.4785519838,90.2467651367,1.2023999691,0.3863170147,737.3815307617,0.0869660005,311.9358520508,14.1348590851,1.3e-05,5.0,9.0,6.0,4.0,1.0,3.0,2.0,13.0,12.0,11.0,10.0,8.0,7.0
2023-02-20 00:00:00+00:00,61.056854932954316,60.818298145003595,58.12548388216686,65.5725365434992,78.25275287797338,66.65883219939849,77.51716250700987,50.99144581808555,56.60057398455071,55.68540770015511,52.69762462164704,58.336665773093856,55.6888637836531,24829.1484375,20.8107662201,1702.6751708984,7.5421628952,1.4743280411000002,91.8945999146,1.265411973,0.39852499960000004,770.169128418,0.0882079974,315.3774414062,14.4107561111,1.3e-05,5.0,6.0,8.0,4.0,1.0,3.0,2.0,13.0,9.0,11.0,12.0,7.0,10.0
2023-02-21 00:00:00+00:00,63.600435304024764,61.53172847180247,59.35497776211352,60.242314798856725,69.56226846706048,59.286329546705055,67.24539792620465,49.15372265362859,57.93055386881215,51.650725833924476,50.80704044466546,54.290130223499766,55.573105569463806,24436.353515625,20.9401302338,1658.0363769531,7.2488098145,1.3849359750999999,87.5688400269,1.1612199545,0.39190500970000003,786.9889526367,0.0854130015,311.4720153809,13.8664703369,1.3e-05,3.0,4.0,6.0,5.0,1.0,7.0,2.0,13.0,8.0,11.0,12.0,10.0,9.0
2023-02-22 00:00:00+00:00,62.54550058721376,58.6322860532445,54.13700280197119,59.3680265281725,70.92136177160288,54.247006347721445,63.7491305962214,51.092913620510984,57.11560558679361,51.91746973163251,51.862901725651255,52.47887921876677,55.45203017993194,24188.84375,20.3144760132,1643.2316894531,7.183218956,1.3970240355,85.0774002075,1.1079850197,0.3955860138,760.2623901367,0.0855339989,312.7811279297,13.5887212753,1.3e-05,3.0,5.0,9.0,4.0,1.0,8.0,2.0,13.0,6.0,11.0,12.0,10.0,7.0
2023-02-23 00:00:00+00:00,56.30017574316268,53.759027733330285,54.83268228552518,58.29398041896698,69.59958330237524,51.7381768236294,55.14351246699263,49.89775359125772,44.123082663525224,50.54873280926498,51.09706521443232,54.221441392194585,59.078403419007074,23947.4921875,19.7026386261,1651.0738525391,7.0895748138,1.3547010422,85.5428237915,1.0814590454,0.3891299963,740.7547607422,0.084292002,308.5339355469,13.7292881012,1.3e-05,4.0,8.0,6.0,3.0,1.0,9.0,5.0,12.0,13.0,11.0,10.0,7.0,2.0
2023-02-24 00:00:00+00:00,51.942465522439576,44.83986520930442,50.50154338271223,50.839015406557294,59.51824550830811,46.76416326622094,46.99760654224814,45.96589068229244,42.37085389998182,46.03069424047298,48.68830634311666,49.51675591907263,55.20427971008901,23198.126953125,18.368598938,1608.3731689453,6.6144218445,1.2659569979,81.4905014038,0.9981629848,0.3784770072,713.2276000977,0.0808999985,302.0537109375,13.0825166702,1.3e-05,3.0,12.0,5.0,4.0,1.0,9.0,8.0,11.0,13.0,10.0,7.0,6.0,2.0
2023-02-25 00:00:00+00:00,47.763187751973945,38.27318959085717,46.405223808762315,46.84246832307494,55.87159772634778,41.84871192689906,43.96729459998009,43.88084800668551,40.43274590699429,43.27331039508163,45.74525565479924,44.78585937687102,44.40339951210255,23175.375,17.9596424103,1594.9149169922,6.54058218,1.248849988,79.9451293945,0.9874550104,0.3780849874,706.3668823242,0.0807859972,302.3846130371,12.8350000381,1.2e-05,2.0,13.0,4.0,3.0,1.0,11.0,8.0,9.0,12.0,10.0,5.0,6.0,7.0
2023-02-26 00:00:00+00:00,50.62965391118922,44.15484148021191,50.084372845488616,51.34698517248014,57.455595164044794,46.9552999043873,49.2797187464934,45.8100046271182,52.49410085023265,47.131677643035886,49.656811804582354,48.04452123115051,55.1635751999471,23561.212890625,18.4438552856,1640.8171386719,6.6896038055,1.2811830043999999,82.1712493896,1.021198988,0.3780409992,775.532043457,0.0822020024,308.9970703125,12.9714508057,1.3e-05,5.0,13.0,6.0,4.0,1.0,11.0,8.0,12.0,3.0,10.0,7.0,9.0,2.0
2023-02-27 00:00:00+00:00,53.6818606539087,42.27713409869529,53.18580106332833,44.79548362388704,50.00247503204346,47.60985275992853,45.13618491006109,45.062618064903525,57.70103640373233,44.91805289681417,52.04433500792772,45.44266941530528,55.13064621642552,23522.87109375,17.9397392273,1634.3264160156,6.588034153,1.235484004,80.2696151733,1.016759038,0.3791149855,788.4426879883,0.0813539997,304.8558044434,12.7838573456,1.3e-05,3.0,13.0,4.0,12.0,6.0,7.0,9.0,10.0,1.0,11.0,5.0,8.0,2.0
2023-02-28 00:00:00+00:00,51.87522659117048,38.02394386604675,51.48373010572892,41.79321658073536,47.894988762622795,42.1393607004622,41.97602321776571,44.70963136423921,57.80510394822607,43.7257058228806,50.494319472931856,41.65541346815209,47.284519378311046,23147.353515625,17.0811138153,1605.8951416016,6.344935894,1.1952389479,77.5548248291,0.9928690195000001,0.3771499991,791.4266357422,0.0807489976,301.474822998,12.2644720078,1.2e-05,2.0,13.0,3.0,11.0,5.0,9.0,10.0,7.0,1.0,8.0,4.0,12.0,6.0
2023-03-01 00:00:00+00:00,49.52396626430111,39.4156845679111,50.20968154173631,42.9783856784481,52.155763298079485,44.73037057236414,47.16273373015649,47.403525641176806,73.84323302999934,46.08139741550809,46.615694609411484,45.03561000699049,47.325118704662955,23646.55078125,17.7610225677,1663.4337158203,6.534181118,1.2482359409,82.8259353638,1.0357650518,0.3838790059,927.9334106445,0.0819640011,302.9074707031,12.7710409164,1.2e-05,4.0,13.0,3.0,12.0,2.0,11.0,7.0,5.0,1.0,9.0,8.0,10.0,6.0
2023-03-02 00:00:00+00:00,52.84398828267917,37.62441130590135,53.613169403203926,40.1705033626348,50.52341260215377,45.68790885198533,41.302965764286846,44.46486131119059,65.69943036382875,43.85579848090205,45.550348862049375,42.92655873681974,47.48259374227568,23475.466796875,17.4470310211,1647.3193359375,6.3269147873,1.2247730494,79.8269195557,0.9896320105,0.377579987,883.2493286133,0.0805199966,299.9461669922,12.4509353638,1.2e-05,3.0,13.0,2.0,12.0,4.0,6.0,11.0,8.0,1.0,9.0,7.0,10.0,5.0
2023-03-03 00:00:00+00:00,48.73631444257686,34.45262244237927,49.98278976507663,37.86387588124096,48.357752930144066,44.30708276381331,39.47870815989273,45.20216198100489,65.60171299336486,40.97753602903281,43.507441356875475,41.4769501371247,39.98620192429068,22362.6796875,16.6543827057,1569.1676025391,6.033932209,1.1677570343,76.8449935913,0.9336860180000001,0.37767100330000003,893.4088745117,0.0767770037,290.2828369141,11.998372077900001,1.1e-05,3.0,13.0,2.0,12.0,4.0,6.0,11.0,5.0,1.0,9.0,7.0,8.0,10.0
2023-03-04 00:00:00+00:00,44.11445324121144,31.35209403357113,45.229775952603624,36.166896089029436,44.68474943019698,38.82303259616582,39.01175661146159,43.85829277246766,57.874121201065755,38.57892132881126,42.21740066428738,39.98162075956819,40.215967274417594,22353.349609375,16.117805481,1566.9239501953,5.9126038551,1.126445055,75.3551635742,0.9087960124000001,0.3738130033,858.0084838867,0.0745560005,289.5038757324,11.8326511383,1.1e-05,4.0,13.0,2.0,12.0,3.0,10.0,9.0,5.0,1.0,11.0,6.0,8.0,7.0
2023-03-05 00:00:00+00:00,44.89224611329595,32.612723580025104,44.8771746141721,37.95002658615111,46.76982221154888,38.35864495820255,42.07720051562041,42.95690935942965,69.92497740737389,39.68875958615391,42.56216540533467,41.31171713942612,40.49721356516386,22435.513671875,16.1593379974,1564.46875,5.9800682068,1.1374499798,75.088180542,0.9299029708000001,0.3671939969,948.1517944336,0.0747950003,288.6997070312,12.0254955292,1.1e-05,3.0,13.0,4.0,12.0,2.0,11.0,7.0,5.0,1.0,10.0,6.0,8.0,9.0
2023-03-06 00:00:00+00:00,51.2223460234618,38.35674666118075,46.19618350342262,40.45054798186141,49.07182012871636,43.5146111131507,47.355018996833685,45.11954060008996,72.21327326193091,41.57774988199524,44.31367814141586,43.82152738189702,40.63736690046634,22429.7578125,16.5243797302,1567.3986816406,5.9225268364,1.1317520142,76.7015991211,0.9497150183,0.3704710007,910.7695922852,0.0748049989,288.0549621582,11.9871740341,1.1e-05,2.0,13.0,5.0,12.0,3.0,9.0,4.0,6.0,1.0,10.0,7.0,8.0,11.0
2023-03-07 00:00:00+00:00,50.33831141044238,38.65005431191768,49.80964813483227,40.0254440959089,51.08161892690962,46.373860335856065,49.9791518156784,47.907656327116726,74.00638161540344,40.86643841686812,44.92526114078251,42.97806258544146,43.85304292003079,22219.76953125,16.1697826385,1561.9331054688,5.8513917923,1.1495900154,75.1949996948,0.9729480147,0.3805480003,922.3786010742,0.0740479976,289.3436889648,11.7483406067,1.1e-05,3.0,13.0,5.0,12.0,2.0,7.0,4.0,6.0,1.0,11.0,8.0,10.0,9.0
2023-03-08 00:00:00+00:00,42.4666505795961,31.98310932094079,43.28082032734917,35.40681300227655,42.05556000711627,39.57857774362405,40.50727777592538,50.124197206467194,57.876908081685684,36.889335933085974,45.808055734623046,36.27525702030355,40.65763501322092,21718.080078125,15.134352684,1534.0882568359,5.5955018997,1.0517879725000001,71.6079101562,0.8890150189,0.3891879916,874.7227783203,0.07113000010000001,286.8670043945,10.9623308182,1.1e-05,5.0,13.0,4.0,12.0,6.0,9.0,8.0,2.0,1.0,10.0,3.0,11.0,7.0
2023-03-09 00:00:00+00:00,36.834263784261104,27.79478065780989,37.69880556975292,32.836277071493654,40.38375892836561,33.748966125635214,35.9421785347099,45.49103765676088,49.33651118608217,31.591251454804695,40.96399879896997,36.42843548293933,32.98453077984581,20363.021484375,14.403960228,1438.6607666016,5.3807258606,1.0153640509,68.6819610596,0.8394079804,0.3721300066,810.1728515625,0.0659869984,277.2961120605,11.0082082748,1e-05,6.0,13.0,5.0,11.0,4.0,9.0,8.0,2.0,1.0,12.0,3.0,7.0,10.0
2023-03-10 00:00:00+00:00,36.795587381808495,31.71091616580614,37.89290459773855,36.89968618087957,45.46954641413333,34.80502516133468,41.44556355959729,45.29023898669789,45.74683127464724,32.00720581239282,40.06423231018292,39.75410212308713,36.0148883302796,20187.244140625,14.8296909332,1429.1580810547,5.5546360016000005,1.0589040518,68.3465118408,0.8858659863,0.37062200900000003,781.239074707,0.0658330023,277.4195861816,11.1502656937,1e-05,9.0,13.0,7.0,8.0,2.0,11.0,4.0,3.0,1.0,12.0,5.0,6.0,10.0
2023-03-11 00:00:00+00:00,38.055983458131244,31.276573281480243,39.953536593367154,35.73349005754788,44.43329966803277,31.288568157004082,38.025048634543296,43.65288302013154,33.52770956555468,32.744785290908524,40.11893921651477,39.11930610093964,36.25360369737905,20632.41015625,14.6389598846,1482.6166992188,5.5077180862,1.0642819405,67.3913116455,0.8638070226000001,0.3668319881,728.6910400391,0.0665939972,277.9614257812,11.117723465,1e-05,6.0,13.0,4.0,9.0,1.0,12.0,7.0,2.0,10.0,11.0,3.0,5.0,8.0
2023-03-12 00:00:00+00:00,50.14004617938529,41.151960209122535,52.00733713106345,43.28978093459717,52.80853714341147,41.56689406204577,46.793362820533105,46.195885711932625,54.69112962834745,39.002840205938355,48.55882307107365,45.14827059428637,44.66557862302106,22163.94921875,16.2565803528,1590.29296875,5.9164772034,1.1569880247,72.9710083008,0.9370790124,0.3733179867,903.7819824219,0.0710010007,289.67578125,11.7748765945,1.1e-05,4.0,12.0,3.0,10.0,2.0,11.0,6.0,7.0,1.0,13.0,5.0,8.0,9.0
2023-03-13 00:00:00+00:00,61.02761092580845,45.41964493867403,59.65526477502708,48.421178439785194,57.607694925640395,50.05802738428804,53.369866765711066,46.36987770600102,59.84528284483429,43.370666823382074,57.69876713091886,49.08253304823839,48.20584907695125,24197.533203125,16.5000858307,1680.3089599609,6.1152658463,1.1934000254,76.1439666748,0.9801530242000001,0.37378600240000004,911.4685058594,0.07304099950000001,308.9122009277,12.0119218826,1.1e-05,1.0,12.0,3.0,9.0,5.0,7.0,6.0,11.0,2.0,13.0,4.0,8.0,10.0
2023-03-14 00:00:00+00:00,63.282349276998225,50.64032607446799,61.056037012639806,51.21570020282995,59.36497735622202,54.86269917754901,55.2565956074407,46.96441919769296,56.07433541488825,46.53419272193911,57.943402732948535,57.97784107063693,47.83639649477389,24746.07421875,17.1808166504,1703.5070800781,6.2438402176,1.2007600069,79.3343048096,0.9901069999000001,0.3742789924,862.1535644531,0.0747869983,309.3707885742,13.0691652298,1.1e-05,1.0,10.0,2.0,9.0,3.0,8.0,7.0,12.0,6.0,13.0,5.0,4.0,11.0
2023-03-15 00:00:00+00:00,61.36736224418398,40.71805595791859,58.09563391843847,44.51361736491082,50.901704711617015,48.5305104123704,44.001310472596884,44.20129123860056,34.56555862840267,40.06798501269149,57.26233407436944,52.346075901809606,39.21620388768315,24375.9609375,15.5851688385,1656.1805419922,5.8859620094,1.1142439842,74.012260437,0.8916379809,0.36055800320000003,747.7926635742,0.0698660016,307.1249389648,12.445142746,1e-05,1.0,10.0,2.0,7.0,5.0,6.0,9.0,8.0,13.0,11.0,3.0,4.0,12.0
2023-03-16 00:00:00+00:00,64.14970740129587,38.903192789886475,54.23432666142461,47.3704026336472,53.92882309623735,43.921296261501276,44.96081789964107,45.358456350645305,31.754393418110787,43.49790687167522,59.81882714889642,54.16968995372028,47.76920736433833,25052.7890625,15.8764781952,1677.2154541016,6.1011128426,1.1507469416,75.0626907349,0.9130529761,0.3660250008,707.731628418,0.07271800190000001,329.8608703613,12.851852417,1.1e-05,1.0,12.0,3.0,7.0,5.0,10.0,9.0,8.0,13.0,11.0,2.0,4.0,6.0
2023-03-17 00:00:00+00:00,74.40951056112962,48.942097921573406,61.28535992438559,56.07644319057986,59.42303617151139,51.65399909921669,52.73668911894681,48.020068832753275,33.77500564668046,48.60534654099155,67.44377585339537,56.70312210987076,47.73767994908068,27423.9296875,17.6464366913,1792.4851074219,6.6358370781,1.2244999409,80.655166626,1.003723979,0.3803820014,729.7171630859,0.0765089989,339.0811462402,13.1856441498,1.1e-05,1.0,9.0,3.0,6.0,4.0,8.0,7.0,11.0,13.0,10.0,2.0,5.0,12.0
2023-03-18 00:00:00+00:00,73.441552486424,52.613841198082355,65.15264488087749,54.38531659911481,59.10158872446215,55.471134467507106,55.60821094906776,45.48641164980054,30.982570927321003,45.9780633437512,65.17618615078308,53.5469678197761,47.516175934331095,26965.87890625,16.98736763,1761.6596679688,6.3285870552,1.1716120242999999,77.7930908203,0.9885799885000001,0.3744330108,686.1724853516,0.0730499998,331.5242919922,12.2280921936,1.1e-05,1.0,9.0,3.0,7.0,4.0,6.0,5.0,12.0,13.0,11.0,2.0,8.0,10.0
2023-03-19 00:00:00+00:00,81.58715299242039,56.99795133017987,69.9606933488912,57.74233191965599,60.32852637787709,59.86233865618321,61.569912466461886,50.99537822755907,34.16669404567038,51.76330978515676,67.02381234032748,52.603259911458906,51.87019916623562,28038.67578125,17.5631065369,1785.5765380859,6.4701547623,1.168956995,79.6006698608,1.0213160515,0.3884649873,688.5506591797,0.07481300090000001,336.9782409668,12.3463306427,1.1e-05,1.0,8.0,2.0,7.0,5.0,6.0,4.0,12.0,13.0,11.0,3.0,9.0,10.0
2023-03-20 00:00:00+00:00,80.64309161036375,48.624455985969675,61.9572157865066,49.62881267322589,52.3743265811551,51.15480727260044,52.52078789694935,47.50855178140883,33.391109828262465,47.54911286945098,62.113853751351584,45.61063394839697,42.995129612263504,27767.236328125,16.6408138275,1735.3212890625,6.0955471992,1.1040970087,76.161529541,0.9628919959000001,0.3746280074,668.973815918,0.0714870021,332.9230041504,11.5557250977,1e-05,1.0,8.0,3.0,7.0,5.0,6.0,4.0,10.0,13.0,9.0,2.0,11.0,12.0
2023-03-21 00:00:00+00:00,80.82777706656935,53.73704305906711,64.2910894600988,54.548586333771524,56.86349126862787,55.15119982666107,57.257529341454266,71.33658891309861,39.212503802903825,54.08770009374227,65.75541720199338,49.378804613091354,52.08136484299538,28175.81640625,17.4854679108,1806.7607421875,6.3830828667,1.1565070152,79.0402069092,0.9983059764000001,0.4697099924,692.9022216797,0.0768940002,335.3092346191,11.9439353943,1.1e-05,1.0,10.0,4.0,8.0,6.0,7.0,5.0,2.0,13.0,9.0,3.0,12.0,11.0
2023-03-22 00:00:00+00:00,72.58274705584792,45.00389157919703,61.24356536525243,46.42106084949756,49.182699449745925,47.63835657193407,47.79047821756314,58.1420377966034,33.55077062568283,47.241054641883274,55.873073383222135,42.65153989499033,47.67094588917436,27307.4375,16.7798118591,1737.7170410156,6.063480854,1.109951973,75.3153915405,0.9425269961,0.4224799871,670.4651489258,0.0739990026,321.8877258301,11.3405723572,1.1e-05,1.0,11.0,2.0,10.0,5.0,8.0,6.0,3.0,13.0,9.0,4.0,12.0,7.0
2023-03-23 00:00:00+00:00,66.79871756050439,48.80923543742286,62.778163281270054,49.006349984108866,50.206294221308006,47.819795737167105,48.445443362899525,62.80951137749747,34.482789152368944,50.10102070111261,55.211016964086944,45.06835260805656,47.545656789842134,28333.97265625,17.5629367828,1816.4051513672,6.3254699707,1.137024045,77.2630767822,0.9689429998,0.4448499978,680.4826660156,0.0774120018,329.8370056152,11.6991262436,1.1e-05,1.0,8.0,3.0,7.0,5.0,10.0,9.0,2.0,13.0,6.0,4.0,12.0,11.0
2023-03-24 00:00:00+00:00,66.97683457459826,43.90195785536964,58.511062461268565,43.782466347794745,46.693466302224806,40.20198193767987,42.33991228255828,57.815686268560796,30.58601579708448,45.63709907533664,52.645028772282245,38.04660223020919,47.477304458936544,27493.28515625,16.9867591858,1752.0447998047,6.0280299187,1.0973980427,73.0860595703,0.907671988,0.425902009,672.4025878906,0.0746800005,322.3593444824,11.2009344101,1.1e-05,1.0,8.0,2.0,9.0,6.0,11.0,10.0,3.0,13.0,7.0,4.0,12.0,5.0
2023-03-25 00:00:00+00:00,67.56140388601175,48.11308325730834,59.261071190712485,44.80146550392901,48.41566862643841,41.15079937290189,48.019373541560576,64.2868115255795,40.370219252373744,48.02424408649753,55.63836578809143,39.599831957158614,51.95070208875828,27494.70703125,16.880115509,1743.7647705078,5.9086580276,1.0792039633,71.3775177002,0.9165989757,0.44471600650000004,666.7848510742,0.07404399660000001,322.6730651855,11.1070280075,1.1e-05,1.0,7.0,3.0,10.0,6.0,11.0,9.0,2.0,12.0,8.0,4.0,13.0,5.0
2023-03-26 00:00:00+00:00,62.9640524270125,47.667234038473694,55.437008672871784,45.14078887597158,49.38479619459444,42.52037059463694,48.84286690972307,64.39734859877727,38.357217910921406,46.764906078356056,51.63513843715974,39.667264233722385,47.454232648618714,27994.330078125,17.1340255737,1775.6767578125,6.0520510674,1.1055979729,72.9249801636,0.9332439899,0.4488170147,671.6508178711,0.07441700250000001,328.8880004883,11.3277692795,1.1e-05,2.0,7.0,3.0,10.0,5.0,11.0,6.0,1.0,13.0,9.0,4.0,12.0,8.0
2023-03-27 00:00:00+00:00,60.10711345654509,40.71330170082595,53.848827466566,39.7278720525957,42.12302231255111,38.222237889685836,40.791562868483446,69.54643615377636,40.376757489639026,42.785621311681815,49.828438504484964,36.14025662507705,39.01690007301397,27139.888671875,16.5031719208,1715.4608154297,5.8736171722,1.0469709635,69.7704162598,0.8896390200000001,0.47999098900000003,675.912109375,0.07289499790000001,310.9491271973,10.8448133469,1e-05,2.0,8.0,3.0,10.0,6.0,12.0,7.0,1.0,9.0,5.0,4.0,13.0,11.0
2023-03-28 00:00:00+00:00,56.204472545354534,43.05749333306642,52.79273315350535,44.54477162653238,47.37645338897499,39.16950685217996,44.46515102726224,78.39469175274775,45.40021703056845,46.142926733749846,46.46919159256507,41.67998503835573,39.30439768610782,27268.130859375,16.7262687683,1772.7856445312,6.0644469261,1.0876660347,70.6787490845,0.9204599857,0.515057981,675.6837158203,0.0738229975,313.2606201172,11.2296638489,1e-05,2.0,10.0,3.0,8.0,4.0,13.0,9.0,1.0,7.0,6.0,5.0,11.0,12.0
2023-03-29 00:00:00+00:00,58.32074758224889,44.70897621303762,53.23114306901656,45.433722400358036,50.53167728155139,40.23675184102719,45.2900607430081,82.13125230402834,47.417507364503756,47.44731174278442,45.93941641497854,43.11203339265424,48.28661491531288,28348.44140625,17.2939395905,1793.0018310547,6.1807560921,1.1228510141,72.8343963623,0.9419779778,0.5435770154,691.7307128906,0.07562699910000001,313.8417663574,11.429058075,1.1e-05,2.0,11.0,3.0,9.0,4.0,13.0,10.0,1.0,7.0,6.0,8.0,12.0,5.0
2023-03-30 00:00:00+00:00,62.358008350352115,48.43799362722733,59.42692544620466,47.4602984919782,50.424651137164346,45.2551796266817,45.79550606836125,81.49963265465766,46.71494747104576,47.85247955240962,52.27422973529475,44.51936296737923,52.809961083149226,28033.5625,17.2453327179,1792.7371826172,6.118803978,1.0924119949,71.3159103394,0.9209589958000001,0.5342490077000001,675.6600341797,0.0742449984,316.567565918,11.1461811066,1.1e-05,2.0,7.0,3.0,9.0,6.0,12.0,11.0,1.0,10.0,8.0,5.0,13.0,4.0
2023-03-31 00:00:00+00:00,63.16698898116569,48.28513778397215,59.129511334027924,48.31858517801184,50.49427034442145,45.82643873093031,45.529091777971075,68.85679654951076,44.443317469309875,48.006049464485905,52.086982471012206,42.57963242892426,48.135579236970514,28478.484375,17.7168903351,1822.0220947266,6.341023922,1.1191619635,74.1994781494,0.9350720048000001,0.5384920239000001,686.9022827148,0.0770350024,317.0400085449,11.1874504089,1.1e-05,2.0,7.0,3.0,6.0,5.0,10.0,11.0,1.0,12.0,9.0,4.0,13.0,8.0
2023-04-01 00:00:00+00:00,64.1630676444067,49.735524268022935,60.344687585330426,51.73543725982247,51.04198586605279,48.441781302830826,45.48147472744451,68.99406205199442,43.25888013773914,58.335924607243385,53.24958714192835,46.38070371757183,48.03345105282977,28411.03515625,17.6626834869,1813.8605957031,6.4095168114,1.1054780483,73.9415740967,0.9094129801,0.5147410035000001,686.9337158203,0.0840509981,315.2173156738,11.4005527496,1.1e-05,2.0,8.0,3.0,6.0,7.0,9.0,12.0,1.0,13.0,4.0,5.0,11.0,10.0
2023-04-02 00:00:00+00:00,62.480531250371754,47.88610358862771,58.68324307782612,49.66507959816632,51.05243402247861,48.6846568376022,45.36236990855334,66.35249024239654,48.64676581612201,55.7279180906903,48.503567732764296,45.67302588345678,50.50118856210623,28462.9921875,17.7255592346,1822.3508300781,6.4024934769,1.1187257767,74.5006103516,0.9199755788,0.5151566267000001,694.473815918,0.0840185657,315.7844238281,11.4126672745,1.1293500000000001e-05,2.0,11.0,3.0,7.0,5.0,8.0,13.0,1.0,9.0,4.0,10.0,12.0,6.0
